{"sections":{"collection-header":{"type":"collection-header","settings":{"collection_image_enable":true,"description_enable":true,"image":"shopify:\/\/shop_images\/common-banner.png"}},"collection-filters":{"type":"collection-filters","settings":{"enable_color_swatches":false,"collection_sort_enable":true}},"main-collection":{"type":"main-collection","blocks":{"product_grid":{"type":"product_grid","settings":{"per_row_desktop":4,"per_row_mobile":"1"}}},"block_order":["product_grid"],"settings":{}}},"order":["collection-header","collection-filters","main-collection"]}