{"sections":{"slideshow":{"type":"slideshow","blocks":{"slideshow-0":{"type":"image","settings":{"title":"A story in a cup","title_size":65,"subheading":"Coffee that brings life","link":"","link_text":"SHOP COFFEE","color_accent":"#f0452b","btn_text_color":"#ffffff","text_align":"vertical-center horizontal-center","image":"shopify:\/\/shop_images\/Banner.jpg","focal_point":"center center"}}},"block_order":["slideshow-0"],"settings":{"style":"arrows","desktop_size":0,"mobile_size":0,"autoplay":false,"autoplay_speed":7,"show_overlay":true,"image_overlay":40}},"1655967888be48f78d":{"type":"evm-collection-slider","blocks":{"16559678886df14ec0-0":{"type":"collection","settings":{"collection":"light","image":"shopify:\/\/shop_images\/Light.png","price":"$18.00","focal_point":"center center"}},"16559678886df14ec0-1":{"type":"collection","settings":{"collection":"medium","image":"shopify:\/\/shop_images\/Medium.png","price":"$18.00","focal_point":"center center"}},"16559678886df14ec0-2":{"type":"collection","settings":{"collection":"dark","image":"shopify:\/\/shop_images\/Dark.png","price":"$18.00","focal_point":"center center"}},"322dd581-72e5-4418-99b5-e1d34c9a43bf":{"type":"collection","settings":{"collection":"dark","image":"shopify:\/\/shop_images\/Light.png","price":"$18.00","focal_point":"center center"}}},"block_order":["16559678886df14ec0-0","16559678886df14ec0-1","16559678886df14ec0-2","322dd581-72e5-4418-99b5-e1d34c9a43bf"],"settings":{"title":"Shop by Roast","alt":true}},"1655959539a4619e41":{"type":"hero-video","settings":{"title":"","title_size":80,"subheading":"","link_text":"","link":"","color_accent":"rgba(0,0,0,0)","container_width":true,"text_align":"vertical-center horizontal-center","video_url":"https:\/\/cdn.shopify.com\/videos\/c\/o\/v\/bfc18d3b70b146eaa7a054c7afb9d96e.mp4","section_height":"650px","mobile_height":"auto"}},"1655959732520850d1":{"type":"text-columns","blocks":{"165595973257e97e84-0":{"type":"text_block","settings":{"enable_image":true,"bg_color":"#fcd394","image":"shopify:\/\/shop_images\/Group_1962.png","image_width":650,"title":"Sample Gift Basket","text":"","button_label":"","button_link":"shopify:\/\/collections\/gift-baskets"}},"165595973257e97e84-1":{"type":"text_block","settings":{"enable_image":true,"bg_color":"#eda3b2","image":"shopify:\/\/shop_images\/Group_1964.png","image_width":650,"title":"$50 Gift Basket","text":"","button_label":"","button_link":"shopify:\/\/collections\/gift-baskets"}},"62528463-3a8d-4b50-9a20-7802c31287e3":{"type":"text_block","settings":{"enable_image":true,"bg_color":"#7ab596","image":"shopify:\/\/shop_images\/Group_1963.png","image_width":650,"title":"$50 Gift Basket","text":"","button_label":"","button_link":"shopify:\/\/collections\/gift-baskets"}},"17fd8557-aa99-45ad-afa8-26866053c6a5":{"type":"text_block","settings":{"enable_image":true,"bg_color":"#fff","image":"shopify:\/\/shop_images\/image4.png","image_width":650,"title":"RRC Digital Gift Card","text":"","button_label":"","button_link":"shopify:\/\/collections\/gift-baskets"}}},"block_order":["165595973257e97e84-0","165595973257e97e84-1","62528463-3a8d-4b50-9a20-7802c31287e3","17fd8557-aa99-45ad-afa8-26866053c6a5"],"settings":{"title":"","align_text":"center","alt":true}}},"order":["slideshow","1655967888be48f78d","1655959539a4619e41","1655959732520850d1"]}