{"sections":{"main":{"type":"coffee-collection","settings":{"image":"shopify:\/\/shop_images\/coffee-banner.png"}},"16571981139d33b7cb":{"type":"evm-collection-slider","blocks":{"165719811388ac3b1b-0":{"type":"collection","settings":{"collection":"light","image":"shopify:\/\/shop_images\/Light.png","price":"$18.00","focal_point":"center center"}},"165719811388ac3b1b-1":{"type":"collection","settings":{"collection":"medium","image":"shopify:\/\/shop_images\/Dark.png","price":"$18.00","focal_point":"center center"}},"165719811388ac3b1b-2":{"type":"collection","settings":{"collection":"dark","image":"shopify:\/\/shop_images\/Light.png","price":"$18.00","focal_point":"center center"}},"b53497b0-ca75-4d8a-85a3-2b7215356682":{"type":"collection","settings":{"collection":"light","image":"shopify:\/\/shop_images\/Medium.png","price":"$18.00","focal_point":"center center"}}},"block_order":["165719811388ac3b1b-0","165719811388ac3b1b-1","165719811388ac3b1b-2","b53497b0-ca75-4d8a-85a3-2b7215356682"],"settings":{"title":"","alt":false}}},"order":["main","16571981139d33b7cb"]}