{"sections":{"main":{"type":"main-wholesale","blocks":{"8eeb4ba8-6c88-440c-a29a-743c10fdad39":{"type":"wholesale","settings":{"image":"shopify:\/\/shop_images\/IMG_2872.png","title":"SINGLE ORIGIN COFFEE","content":"<p>We only sell single-origin coffee because we care deeply about the people and families that work so hard to produce it.. We purposefully only buy from farms that have programs that give back to their local communities. Some of the farmers we buy from provide free health care, for their workers, and families, others provide free education, build schools, roads, or water tanks for their communities. You can find each farms story on the coffee product page.<\/p>","label":"COFFEE","btn_link":"shopify:\/\/collections\/bestsellers"}},"33ccd3aa-a656-4ec7-ab80-39bff6776378":{"type":"wholesale","settings":{"image":"shopify:\/\/shop_images\/TSC_RRC-58_2.png","title":"GREAT CUSTOMER SERVICE","content":"<p>At Redemption Road coffee, we view our customers as allies on our journey to making the world a better place. <br>\nAs Such: \n<br>We stand behind our products and quality. \n<br>We love to provide you with marketing material that helps you thrive! \n<br>We are committed to good communication and fair prices.<\/p>","label":"VIEW ALL","btn_link":""}},"66baa4ea-011d-4939-8f5b-fe6b16ea52dd":{"type":"wholesale","settings":{"image":"shopify:\/\/shop_images\/TSC_RRC-29.png","title":"BENEFITS OF WHOLESALE","content":"<ul>\n<li>Fast and easy ordering online<\/li>\n<li>We have 0.25, 1, and 5 pound options available<\/li>\n<li>Bulk Redemption Pod pricing available<\/li>\n<li>Cold Brew cans available<\/li>\n<li>Automatic subscritipons<\/li>\n<li>Invoicing and terms available<\/li>\n<li>Equipment acquision and training<\/li>\n<li>Assistance with Routine maintenance of equipment<\/li>\n<li>Impacting the world for good<\/li>\n<\/ul>","label":"VIEW ALL","btn_link":""}}},"block_order":["8eeb4ba8-6c88-440c-a29a-743c10fdad39","33ccd3aa-a656-4ec7-ab80-39bff6776378","66baa4ea-011d-4939-8f5b-fe6b16ea52dd"],"settings":{"image":"shopify:\/\/shop_images\/IMG_1511.jpg","main_heading":"Join the Journey","content":"<p>Join us on the journey of making the world a better place. At Redemption Road Coffee, our wholesalers are the backbone that enables us to live out our mission. It is because of coffee shops, churches, bakeries, and hotels like you that sell our coffee that we can help to fund programs that help kids transition out of foster care, or give towards the prohibition of sex slavery, or fund orphanages, and build bridges in Rwanda, Uganda, and other African countries. It is companies like yours that enable us to change the world. If you would like to join us in our journey of making the world a better place, please reach out. We would be honored to talk with you.<\/p>","btn_label":"Welcome Back","btn_url":"\/","btn_label2":"Interested in Wholesale","btn_url2":"https:\/\/www.redemptionroadcoffee.com\/pages\/register"}},"16570448413b801455":{"type":"rich-text","disabled":true,"blocks":{"16570448400cc44282-0":{"type":"heading","settings":{"title":"Join the Journey"}},"16570448400cc44282-1":{"type":"text","settings":{"enlarge_text":false,"text":"<p>Join us on the journey of making the world a better place. At Redemption Road Coffee, our wholesalers are the backbone that enables us to live out our mission. It is because of coffee shops, churches, bakeries, and hotels like you that sell our coffee that we can help to fund programs that help kids transition out of foster care, or give towards the prohibition of sex slavery, or fund orphanages, and build bridges in Rwanda, Uganda, and other African countries. It is companies like yours that enable us to change the world. If you would like to join us in our journey of making the world a better place, please reach out. We would be honored to talk with you.<\/p>"}}},"block_order":["16570448400cc44282-0","16570448400cc44282-1"],"settings":{"align_text":"center","narrow_column":true,"alt":false}},"16570449380bd391d7":{"type":"text-and-image","disabled":true,"settings":{"image":"shopify:\/\/shop_images\/IMG_2872.png","image_width":530,"subtitle":"","title":"SINGLE ORIGIN COFFEE","text":"<p>We only sell single-origin coffee because we care deeply about the people and families that work so hard to produce it.. We purposefully only buy from farms that have programs that give back to their local communities. Some of the farmers we buy from provide free health care, for their workers, and families, others provide free education, build schools, roads, or water tanks for their communities. You can find each farms story on the coffee product page.<\/p>","button_label":"COFFEE","button_link":"shopify:\/\/collections\/front-page","button_style":"primary","align_text":"left","layout":"left","alt":true}},"16570450183fc15e80":{"type":"text-and-image","disabled":true,"settings":{"image":"shopify:\/\/shop_images\/TSC_RRC-58_2_e14e1526-f325-44f1-9349-2db722463832.jpg","image_width":530,"subtitle":"","title":"GREAT CUSTOMER SERVICE","text":"<p>At Redemption Road coffee, we view our customers as allies on our journey to making the world a better place.<\/p><p>As Such:<br\/>We stand behind our products and quality.<br\/>We love to provide you with marketing material that helps you thrive!<br\/>We are committed to good communication and fair prices.<\/p>","button_label":"VIEW ALL","button_link":"","button_style":"primary","align_text":"left","layout":"right","alt":true}},"16570451718ddbd1e6":{"type":"text-and-image","disabled":true,"settings":{"image":"shopify:\/\/shop_images\/TSC_RRC-29.png","image_width":530,"subtitle":"","title":"BENEFITS OF WHOLESALE","text":"<p>* Fast and easy ordering online<br\/>* We have 0.25, 1, and 5 pound options available<br\/>* Bulk Redemption Pod pricing available<\/p><p>* Cold Brew cans available<\/p><p>* Automatic subscritipons<br\/>* Invoicing and terms available<br\/>* Equipment acquision and training * * Assistance with Routine maintenance of equipment<br\/>* Impacting the world for good<\/p>","button_label":"VIEW ALL","button_link":"","button_style":"primary","align_text":"left","layout":"left","alt":true}}},"order":["main","16570448413b801455","16570449380bd391d7","16570450183fc15e80","16570451718ddbd1e6"]}